Disease_Name,Disease_Url,Disease_Logo_Image_url,Disease_Logo_File_Name
Acne affecting the back images,https://dermnetnz.org/topics/acne-affecting-the-back-images/?stage=Live,https://dermnetnz.org/assets/manualthumbnails/acne/acne-back/preview/141__FocusFillWzE1MCwxMTAsInkiLDFd.jpg,99f35ad775de72d4e560339e3257f227.jpg
Acne affecting the face images,https://dermnetnz.org/topics/acne-face-images/?stage=Live,https://dermnetnz.org/assets/Uploads/Screen-Shot-2018-01-25-at-8__FocusFillWzE1MCwxMTAsIngiLDFd.28.37-PM.png,494d5a1d33f19272b53660845bcc75b4.png
Acne and other follicular disorder images,https://dermnetnz.org/image-catalogue/acne-and-other-follicular-disorder-images/?stage=Live,https://dermnetnz.org/assets/Uploads/ocular-rosacea-s__FocusFillWzE1MCwxMTAsInkiLDFd.jpg,e25e3316a6ce05faf4aa3866b02e31e4.jpg
Acquired dermal macular hyperpigmentation images,https://dermnetnz.org/topics/acquired-dermal-macular-hyperpigmentation-images/?stage=Live,https://dermnetnz.org/assets/Uploads/scaly/lp-pigmentosus1__FocusFillWzE1MCwxMTAsInkiLDFd.jpg,856ff980c5c3bc12554d74ee07548811.jpg
Acral lentiginous melanoma images,https://dermnetnz.org/topics/acral-lentiginous-melanoma-images/?stage=Live,https://dermnetnz.org/assets/Uploads/20160516-165503__FocusFillWzE1MCwxMTAsInkiLDFd.JPG,b7634fa75641c24eb631ac5dc62ed9d0.JPG
Actinic keratosis affecting the face images,https://dermnetnz.org/topics/actinic-keratosis-face-images/?stage=Live,https://dermnetnz.org/assets/Uploads/248__FocusFillWzE1MCwxMTAsInkiLDFd.jpg,28e679d6f5ecc7c6b096357ea22e79c6.jpg
Actinic keratosis affecting the hand images,https://dermnetnz.org/topics/actinic-keratosis-affecting-the-hand-images/?stage=Live,https://dermnetnz.org/assets/Uploads/393__FocusFillWzE1MCwxMTAsInkiLDFd.jpg,d8660bb726c9dd3c39251f1d6a0983ab.jpg
Actinic keratosis affecting the legs and feet images,https://dermnetnz.org/topics/actinic-keratosis-leg-and-foot-images/?stage=Live,https://dermnetnz.org/assets/Uploads/478__FocusFillWzE1MCwxMTAsInkiLDFd.jpg,37320aabd5021b70f9c7069a6f7ff181.jpg
Actinic keratosis affecting the scalp images,https://dermnetnz.org/topics/actinic-keratosis-scalp-images/?stage=Live,https://dermnetnz.org/assets/Uploads/418__FocusFillWzE1MCwxMTAsInkiLDFd.jpg,1f29878b3c4355bab6b01c91530a6dc6.jpg
Actinic keratosis dermoscopy images,https://dermnetnz.org/topics/actinic-keratosis-dermoscopy-images/?stage=Live,https://dermnetnz.org/assets/Uploads/lesions/ak-face/actinic-keratosis-dermoscopy9__FocusFillWzE1MCwxMTAsInkiLDFd.jpg,43e71704398c5929581d30a401a4370f.jpg
Actinic keratosis on the nose images,https://dermnetnz.org/topics/actinic-keratosis-on-the-nose-images/?stage=Live,https://dermnetnz.org/assets/Uploads/sks-nose3-s__FocusFillWzE1MCwxMTAsInkiLDFd.jpg,fed56008fec59650d6af17a12662bc44.jpg
Actinic keratosis treated with imiquimod images,https://dermnetnz.org/topics/actinic-keratosis-imiquimod-images/?stage=Live,https://dermnetnz.org/assets/Uploads/3723__FocusFillWzE1MCwxMTAsInkiLDFd.jpg,490546a83e6e46e87b726d12bfdd6958.jpg
Adalimumab images,https://dermnetnz.org/topics/adalimumab-images/?stage=Live,https://dermnetnz.org/assets/Uploads/adalimumab3-s__FocusFillWzE1MCwxMTAsInkiLDFd.jpg,49009507a795a287c137935daa35e697.jpg
Alopecia areata images,https://dermnetnz.org/images/alopecia-areata-images/?stage=Live,https://dermnetnz.org/assets/Uploads/1323__FocusFillWzE1MCwxMTAsInkiLDIzXQ.jpg,4143d18eb7af8a5cab5019a053b7d4ac.jpg
Amelanotic melanoma images,https://dermnetnz.org/images/amelanotic-melanoma-images/?stage=Live,https://dermnetnz.org/assets/Uploads/12a-amelanotic-melanoma__FocusFillWzE1MCwxMTAsInkiLDFd.jpg,188b34c982c807d9830b3a51345cc1ae.jpg
Anal cancer images,https://dermnetnz.org/topics/anal-cancer-images/?stage=Live,https://dermnetnz.org/assets/Uploads/ain-1-s-1__FocusFillWzE1MCwxMTAsInkiLDEzXQ.jpg,31667dfb2e62aa77f96caeadd582fa94.jpg
Angiofibromas images,https://dermnetnz.org/topics/angiofibromas-images/?stage=Live,https://dermnetnz.org/assets/Uploads/angiofibromas-19-s__FocusFillWzE1MCwxMTAsInkiLDFd.jpg,658865acea03eddaa7f147f822480087.jpg
Angiokeratomas images,https://dermnetnz.org/topics/angiokeratoma-images/?stage=Live,https://dermnetnz.org/assets/Uploads/angiokeratoma-2__FocusFillWzE1MCwxMTAsInkiLDFd.JPG,9496657066e4f39cac7c6bed772456ca.JPG
Angular cheilitis images,https://dermnetnz.org/images/angular-cheilitis-images/?stage=Live,https://dermnetnz.org/assets/Uploads/perleche13-s__FocusFillWzE1MCwxMTAsInkiLDFd.jpg,75006b33437b85aac62396918144eb0f.jpg
Arthropod bites images,https://dermnetnz.org/image-catalogue/insect-mite-and-worm-bite-images/?stage=Live,https://dermnetnz.org/assets/Uploads/leishmaniasis2__FocusFillWzE1MCwxMTAsInkiLDFd.jpg,ac4edb49385aca31edf6f92668196dfd.jpg
Atopic dermatitis images,https://dermnetnz.org/images/atopic-dermatitis-images/?stage=Live,https://dermnetnz.org/assets/Uploads/atopic26-s__FocusFillWzE1MCwxMTAsInkiLDFd.jpg,250c109fc199ffd17eeb7c30c32cd458.jpg
Atopic eczema images,https://dermnetnz.org/images/atopic-dermatitis-images/?stage=Live,https://dermnetnz.org/assets/Uploads/atopic26-s__FocusFillWzE1MCwxMTAsInkiLDFd.jpg,250c109fc199ffd17eeb7c30c32cd458.jpg
Atopic flexural eczema images,https://dermnetnz.org/topics/atopic-flexural-eczema-images/?stage=Live,https://dermnetnz.org/assets/Uploads/flexural-eczema10-s__FocusFillWzE1MCwxMTAsInkiLDBd.jpg,94a36ba75d192cdcd17a2e56dd8aafcc.jpg
Atypical melanocytic naevus,https://dermnetnz.org/topics/atypical-naevus-images/?stage=Live,https://dermnetnz.org/assets/Uploads/604__FocusFillWzE1MCwxMTAsInkiLDFd.jpg,d162865debe576a2d9c27858d9a8bf84.jpg
Atypical mycobacterial infection images,https://dermnetnz.org/topics/atypical-mycobacterial-infection-images/?stage=Live,https://dermnetnz.org/assets/Uploads/m-marinum-2-s__FocusFillWzE1MCwxMTAsInkiLDFd.jpg,0cd06c9444a4d416322589774df32310.jpg
Atypical naevus images,https://dermnetnz.org/topics/atypical-naevus-images/?stage=Live,https://dermnetnz.org/assets/Uploads/604__FocusFillWzE1MCwxMTAsInkiLDFd.jpg,d162865debe576a2d9c27858d9a8bf84.jpg
Autoimmune alopecia images,https://dermnetnz.org/images/alopecia-areata-images/?stage=Live,https://dermnetnz.org/assets/Uploads/1323__FocusFillWzE1MCwxMTAsInkiLDIzXQ.jpg,4143d18eb7af8a5cab5019a053b7d4ac.jpg
B-K mole images,https://dermnetnz.org/topics/atypical-naevus-images/?stage=Live,https://dermnetnz.org/assets/Uploads/604__FocusFillWzE1MCwxMTAsInkiLDFd.jpg,d162865debe576a2d9c27858d9a8bf84.jpg
BCC affecting the ear images,https://dermnetnz.org/topics/basal-cell-carcinoma-affecting-the-ear-images/?stage=Live,https://dermnetnz.org/assets/Uploads/0692__FocusFillWzE1MCwxMTAsInkiLDFd.jpg,55b69ecbe12aac4199559fffdf6dcdd7.jpg
BCC affecting the eyelid images,https://dermnetnz.org/topics/basal-cell-carcinoma-affecting-the-eyelid-images/?stage=Live,https://dermnetnz.org/assets/Uploads/0633__FocusFillWzE1MCwxMTAsInkiLDIwXQ.jpg,7cfb36863bce91066960a92ff5fa364f.jpg
BCC affecting the face images,https://dermnetnz.org/topics/basal-cell-carcinoma-affecting-the-face-images/?stage=Live,https://dermnetnz.org/assets/Uploads/0616__FocusFillWzE1MCwxMTAsInkiLDIwXQ.jpg,ec73938654d5b4f70853f0cb2f43bbe5.jpg
BCC affecting the nose images,https://dermnetnz.org/topics/basal-cell-carcinoma-affecting-the-nose-images/?stage=Live,https://dermnetnz.org/assets/Uploads/0629__FocusFillWzE1MCwxMTAsInkiLDIwXQ.jpg,02e3a7446c2236ced23295674aa757e4.jpg
BCC affecting the trunk images,https://dermnetnz.org/topics/basal-cell-carcinoma-affecting-the-trunk-images/?stage=Live,https://dermnetnz.org/assets/Uploads/0653__FocusFillWzE1MCwxMTAsInkiLDFd.jpg,dec0bfdfe3d27190a5db5940140f6fd5.jpg
Bacteria images,https://dermnetnz.org/image-catalogue/bacterial-skin-infection-images/?stage=Live,https://dermnetnz.org/assets/Uploads/syph6-s-2__FocusFillWzE1MCwxMTAsInkiLDFd.jpg,9747a9b888760c4c268ad3e563aa6e86.jpg
Bacterial skin infection images,https://dermnetnz.org/image-catalogue/bacterial-skin-infection-images/?stage=Live,https://dermnetnz.org/assets/Uploads/syph6-s-2__FocusFillWzE1MCwxMTAsInkiLDFd.jpg,9747a9b888760c4c268ad3e563aa6e86.jpg
Balanitis images,https://dermnetnz.org/topics/balanitis-images/?stage=Live,https://dermnetnz.org/assets/Uploads/balanitis4-s-1__FocusFillWzE1MCwxMTAsInkiLDIzXQ.jpg,0403ad3fdd415cbbf1098604bd4a82e5.jpg
Basal cell carcinoma affecting the ear images,https://dermnetnz.org/topics/basal-cell-carcinoma-affecting-the-ear-images/?stage=Live,https://dermnetnz.org/assets/Uploads/0692__FocusFillWzE1MCwxMTAsInkiLDFd.jpg,55b69ecbe12aac4199559fffdf6dcdd7.jpg
Basal cell carcinoma affecting the eyelid images,https://dermnetnz.org/topics/basal-cell-carcinoma-affecting-the-eyelid-images/?stage=Live,https://dermnetnz.org/assets/Uploads/0633__FocusFillWzE1MCwxMTAsInkiLDIwXQ.jpg,7cfb36863bce91066960a92ff5fa364f.jpg
Basal cell carcinoma affecting the face images,https://dermnetnz.org/topics/basal-cell-carcinoma-affecting-the-face-images/?stage=Live,https://dermnetnz.org/assets/Uploads/0616__FocusFillWzE1MCwxMTAsInkiLDIwXQ.jpg,ec73938654d5b4f70853f0cb2f43bbe5.jpg
Basal cell carcinoma affecting the nose images,https://dermnetnz.org/topics/basal-cell-carcinoma-affecting-the-nose-images/?stage=Live,https://dermnetnz.org/assets/Uploads/0629__FocusFillWzE1MCwxMTAsInkiLDIwXQ.jpg,02e3a7446c2236ced23295674aa757e4.jpg
Basal cell carcinoma affecting the trunk images,https://dermnetnz.org/topics/basal-cell-carcinoma-affecting-the-trunk-images/?stage=Live,https://dermnetnz.org/assets/Uploads/0653__FocusFillWzE1MCwxMTAsInkiLDFd.jpg,dec0bfdfe3d27190a5db5940140f6fd5.jpg
Basal cell epithelioma affecting the ear images,https://dermnetnz.org/topics/basal-cell-carcinoma-affecting-the-ear-images/?stage=Live,https://dermnetnz.org/assets/Uploads/0692__FocusFillWzE1MCwxMTAsInkiLDFd.jpg,55b69ecbe12aac4199559fffdf6dcdd7.jpg
Basal cell epithelioma affecting the eyelid images,https://dermnetnz.org/topics/basal-cell-carcinoma-affecting-the-eyelid-images/?stage=Live,https://dermnetnz.org/assets/Uploads/0633__FocusFillWzE1MCwxMTAsInkiLDIwXQ.jpg,7cfb36863bce91066960a92ff5fa364f.jpg
Basal cell epithelioma affecting the face images,https://dermnetnz.org/topics/basal-cell-carcinoma-affecting-the-face-images/?stage=Live,https://dermnetnz.org/assets/Uploads/0616__FocusFillWzE1MCwxMTAsInkiLDIwXQ.jpg,ec73938654d5b4f70853f0cb2f43bbe5.jpg
Basal cell epithelioma affecting the nose images,https://dermnetnz.org/topics/basal-cell-carcinoma-affecting-the-nose-images/?stage=Live,https://dermnetnz.org/assets/Uploads/0629__FocusFillWzE1MCwxMTAsInkiLDIwXQ.jpg,02e3a7446c2236ced23295674aa757e4.jpg
Basal cell epithelioma affecting the trunk images,https://dermnetnz.org/topics/basal-cell-carcinoma-affecting-the-trunk-images/?stage=Live,https://dermnetnz.org/assets/Uploads/0653__FocusFillWzE1MCwxMTAsInkiLDFd.jpg,dec0bfdfe3d27190a5db5940140f6fd5.jpg
Basalioma affecting the ear images,https://dermnetnz.org/topics/basal-cell-carcinoma-affecting-the-ear-images/?stage=Live,https://dermnetnz.org/assets/Uploads/0692__FocusFillWzE1MCwxMTAsInkiLDFd.jpg,55b69ecbe12aac4199559fffdf6dcdd7.jpg
Basalioma affecting the eyelid images,https://dermnetnz.org/topics/basal-cell-carcinoma-affecting-the-eyelid-images/?stage=Live,https://dermnetnz.org/assets/Uploads/0633__FocusFillWzE1MCwxMTAsInkiLDIwXQ.jpg,7cfb36863bce91066960a92ff5fa364f.jpg
Basalioma affecting the face images,https://dermnetnz.org/topics/basal-cell-carcinoma-affecting-the-face-images/?stage=Live,https://dermnetnz.org/assets/Uploads/0616__FocusFillWzE1MCwxMTAsInkiLDIwXQ.jpg,ec73938654d5b4f70853f0cb2f43bbe5.jpg
Basalioma affecting the nose images,https://dermnetnz.org/topics/basal-cell-carcinoma-affecting-the-nose-images/?stage=Live,https://dermnetnz.org/assets/Uploads/0629__FocusFillWzE1MCwxMTAsInkiLDIwXQ.jpg,02e3a7446c2236ced23295674aa757e4.jpg
Basalioma affecting the trunk images,https://dermnetnz.org/topics/basal-cell-carcinoma-affecting-the-trunk-images/?stage=Live,https://dermnetnz.org/assets/Uploads/0653__FocusFillWzE1MCwxMTAsInkiLDFd.jpg,dec0bfdfe3d27190a5db5940140f6fd5.jpg
Behcet disease images,https://dermnetnz.org/images/behcet-disease-images/?stage=Live,https://dermnetnz.org/assets/collection/Behcet-disease/behcet-disease-00033__FocusFillWzE1MCwxMTAsInkiLDFd.jpg,49069d62d49339d732855442c41ada52.jpg
Besnier prurigo images,https://dermnetnz.org/images/atopic-dermatitis-images/?stage=Live,https://dermnetnz.org/assets/Uploads/atopic26-s__FocusFillWzE1MCwxMTAsInkiLDFd.jpg,250c109fc199ffd17eeb7c30c32cd458.jpg
Bowenoid papulosis images,https://dermnetnz.org/topics/bowenoid-papulosis-images/?stage=Live,https://dermnetnz.org/assets/Uploads/bp2__FocusFillWzE1MCwxMTAsIngiLDIzXQ.jpg,0b9ad49ca4772b3f0b374e2eddac85bb.jpg
Bullous pemphigoid images,https://dermnetnz.org/topics/bullous-pemphigoid-images/?stage=Live,https://dermnetnz.org/assets/Uploads/3362__FocusFillWzE1MCwxMTAsInkiLDIwXQ.jpg,022f923d673fdc8e6c74fc5ab1609105.jpg
COVID-19 images,https://dermnetnz.org/topics/covid-19-images/?stage=Live,https://dermnetnz.org/assets/Uploads/covid-8__FocusFillWzE1MCwxMTAsInkiLDFd.JPG,b30c96b243c2a2e257cbde95ec89a374.JPG
"Candida affecting the lips, mouth and face images",https://dermnetnz.org/topics/candida-affecting-the-lips-mouth-and-face-images/?stage=Live,https://dermnetnz.org/assets/Uploads/1282-big2__FocusFillWzE1MCwxMTAsInkiLDFd.jpg,9776a47e60b70cb625adcb29ffbd2982.jpg
Candida albicans affecting the nail images,https://dermnetnz.org/topics/candida-albicans-affecting-the-nail-images/?stage=Live,https://dermnetnz.org/assets/Uploads/1272__FocusFillWzE1MCwxMTAsInkiLDFd.jpg,4cd7fb939d8dcae14a71f84570684d7e.jpg
Candida intertrigo images,https://dermnetnz.org/topics/candida-intertrigo-images/?stage=Live,https://dermnetnz.org/assets/Uploads/1292__FocusFillWzE1MCwxMTAsInkiLDFd.jpg,97f91e6112426baa6945277dedd0226d.jpg
Candida vulvovaginitis images,https://dermnetnz.org/topics/candida-vulvovaginitis-images/?stage=Live,https://dermnetnz.org/assets/Uploads/1265-small2__FocusFillWzE1MCwxMTAsInkiLDYzXQ.jpg,d9cf6e95a26017ac252172931d3e4816.jpg
"Candidiasis affecting the lips, mouth and face images",https://dermnetnz.org/topics/candida-affecting-the-lips-mouth-and-face-images/?stage=Live,https://dermnetnz.org/assets/Uploads/1282-big2__FocusFillWzE1MCwxMTAsInkiLDFd.jpg,9776a47e60b70cb625adcb29ffbd2982.jpg
"Candidosis affecting the lips, mouth and face images",https://dermnetnz.org/topics/candida-affecting-the-lips-mouth-and-face-images/?stage=Live,https://dermnetnz.org/assets/Uploads/1282-big2__FocusFillWzE1MCwxMTAsInkiLDFd.jpg,9776a47e60b70cb625adcb29ffbd2982.jpg
Capillaritis images,https://dermnetnz.org/topics/capillaritis-images/?stage=Live,https://dermnetnz.org/assets/Uploads/2509__FocusFillWzE1MCwxMTAsIngiLDdd.jpg,bee562800fd4652005998542f6f02089.jpg
Cherry angioma images,https://dermnetnz.org/topics/cherry-angioma-images/?stage=Live,https://dermnetnz.org/assets/Uploads/1317__FocusFillWzE1MCwxMTAsInkiLDFd.jpg,c7bf93ea63b97e15a2eb4a90fce36698.jpg
Chronic plaque psoriasis images,https://dermnetnz.org/topics/chronic-plaque-psoriasis-images/?stage=Live,https://dermnetnz.org/assets/Uploads/dscn5640__FocusFillWzE1MCwxMTAsInkiLDFd.jpg,e03d01a6cfeb16ea018f92e3e5df4101.jpg
Clark nevus images,https://dermnetnz.org/topics/atypical-naevus-images/?stage=Live,https://dermnetnz.org/assets/Uploads/604__FocusFillWzE1MCwxMTAsInkiLDFd.jpg,d162865debe576a2d9c27858d9a8bf84.jpg
Clavus images,https://dermnetnz.org/topics/corn-clavus-images/?stage=Live,https://dermnetnz.org/assets/Uploads/clavus11-s2__FocusFillWzE1MCwxMTAsInkiLDFd.jpg,6d5d40c1b22d96cad942abf532ed3b0c.jpg
Conditions affecting the ear images,https://dermnetnz.org/topics/conditions-affecting-the-ear-images/?stage=Live,https://dermnetnz.org/assets/Uploads/keloid__FocusFillWzE1MCwxMTAsInkiLDBd.jpg,5ce58bb8857be8b7ab0f1cfb736064a5.jpg
Contact allergic dermatitis of the arm and leg images,https://dermnetnz.org/topics/contact-allergic-dermatitis-of-the-arm-and-leg-images/?stage=Live,https://dermnetnz.org/assets/Uploads/2452__FocusFillWzE1MCwxMTAsInkiLDIwXQ.jpg,268d3c038b318300eeb9388021b27156.jpg
Contact allergic dermatitis of the face images,https://dermnetnz.org/topics/contact-allergic-dermatitis-of-the-face-images/?stage=Live,https://dermnetnz.org/assets/Uploads/2443__FocusFillWzE1MCwxMTAsInkiLDIwXQ.jpg,dd708df32b6480736a789f5a623e165e.jpg
Contact allergic dermatitis of the hand images,https://dermnetnz.org/topics/contact-allergic-dermatitis-of-the-hand-images/?stage=Live,https://dermnetnz.org/assets/Uploads/eczalllehma__FocusFillWzE1MCwxMTAsInkiLDIwXQ.jpg,ba041914562a500337b92c814cc6cb34.jpg
Contact allergic dermatitis of the torso images,https://dermnetnz.org/topics/contact-allergic-dermatitis-of-the-torso-images/?stage=Live,https://dermnetnz.org/assets/Uploads/2484__FocusFillWzE1MCwxMTAsInkiLDIwXQ.jpg,aa5cf72a664ea3c6fc8327ea8ebfdb2c.jpg
Contact irritant dermatitis images,https://dermnetnz.org/topics/contact-irritant-dermatitis-images/?stage=Live,https://dermnetnz.org/assets/Uploads/2512__FocusFillWzE1MCwxMTAsInkiLDFd.jpg,0b8ac3b693cca28cad9affd14a50cfcd.jpg
Corn images,https://dermnetnz.org/topics/corn-clavus-images/?stage=Live,https://dermnetnz.org/assets/Uploads/clavus11-s__FocusFillWzE1MCwxMTAsInkiLDFd.jpg,3a32943cd4c6095821b05450b1816d35.jpg
Cutaneous horn images,https://dermnetnz.org/topics/cutaneous-horn-images/?stage=Live,https://dermnetnz.org/assets/Uploads/horn-03-s-1__FocusFillWzE1MCwxMTAsInkiLDFd.jpg,d53b494884b0b9097fbea4c16371db17.jpg
Cutaneous lupus erythematosus images,https://dermnetnz.org/topics/cutaneous-lupus-erythematosus-images/?stage=Live,https://dermnetnz.org/assets/Uploads/lupus-facial-s__FocusFillWzE1MCwxMTAsInkiLDFd.jpg,cad42531fd2cd45022a3feb1137887c2.jpg
Cutaneous tuberculosis images,https://dermnetnz.org/topics/cutaneous-tuberculosis-images/?stage=Live,https://dermnetnz.org/assets/Uploads/papulonecrotic-tb1-s__FocusFillWzE1MCwxMTAsInkiLDFd.jpg,05107cef027798c00afa304850b30563.jpg
Cysts affecting the vulval area images,https://dermnetnz.org/?stage=Live,https://dermnetnz.org/assets/Uploads/2617-1__FocusFillWzE1MCwxMTAsInkiLDE2XQ.jpg,76a75d9e131979af0d2d5a2b150a00b8.jpg
Deep dermal disorder images,https://dermnetnz.org/image-catalogue/deep-dermal-disorder-images/?stage=Live,https://dermnetnz.org/assets/Uploads/lymphoma1-s__FocusFillWzE1MCwxMTAsInkiLDFd.jpg,23c30cf0c66b7fa73d426fe65d2eccb4.jpg
Dermatitis images,https://dermnetnz.org/images/atopic-dermatitis-images/?stage=Live,https://dermnetnz.org/assets/Uploads/atopic26-s__FocusFillWzE1MCwxMTAsInkiLDFd.jpg,250c109fc199ffd17eeb7c30c32cd458.jpg
Dermatofibroma images,https://dermnetnz.org/topics/dermatofibroma-images/?stage=Live,https://dermnetnz.org/assets/Uploads/2400__FocusFillWzE1MCwxMTAsInkiLDFd.jpg,2c98f7ed44863f2298f3733087f79c18.jpg
Dermatomyositis images,https://dermnetnz.org/topics/dermatomyositis-images/?stage=Live,https://dermnetnz.org/assets/Uploads/dermatomyositis-eyelids-4__FocusFillWzE1MCwxMTAsIngiLDhd.jpg,fb63288f5939f725e7d7a7e9182e221f.jpg
Dermographism images,https://dermnetnz.org/topics/dermographism-images/?stage=Live,https://dermnetnz.org/assets/Uploads/dermographism04-s__FocusFillWzE1MCwxMTAsInkiLDFd.jpg,b097e9dbd217b6a7c4c7c8ae4c8ca518.jpg
Dermoscopy course images,https://dermnetnz.org/image-catalogue/dermoscopy-course-images/?stage=Live,https://dermnetnz.org/assets/Uploads/solar-lentigo9-s__FocusFillWzE1MCwxMTAsIngiLDVd.jpg,c08d81263e9a64a02e4de25987e1d2bc.jpg
Digital myxoid cyst images,https://dermnetnz.org/topics/digital-myxoid-cyst-images/?stage=Live,https://dermnetnz.org/assets/Uploads/myxoid3-s__FocusFillWzE1MCwxMTAsInkiLDFd.jpg,abf32c10602f4ac36faa4c0c7bf73d26.jpg
Discoid eczema images,https://dermnetnz.org/images/discoid-eczema-images/?stage=Live,https://dermnetnz.org/assets/Uploads/nummular-eczema39-s__FocusFillWzE1MCwxMTAsInkiLDBd.jpg,d3fb2f90ac1329cf35c21b7331eec986.jpg
Disease relating to site or age images,https://dermnetnz.org/image-catalogue/disease-relating-to-site-or-age-images/?stage=Live,https://dermnetnz.org/assets/Uploads/eosinophilic-ulcer-s3__FocusFillWzE1MCwxMTAsInkiLDFd.jpg,49957b480383807a85f2fadb8373c47f.jpg
Dry skin images,https://dermnetnz.org/topics/dry-skin-images/?stage=Live,https://dermnetnz.org/assets/Uploads/2646__FocusFillWzE1MCwxMTAsInkiLDFd.jpg,0af3c40a6e40ef7fff8800cd3f60a2ac.jpg
Dysplastic naevi images,https://dermnetnz.org/topics/atypical-naevus-images/?stage=Live,https://dermnetnz.org/assets/Uploads/604__FocusFillWzE1MCwxMTAsInkiLDFd.jpg,d162865debe576a2d9c27858d9a8bf84.jpg
Eccrine poroma images,https://dermnetnz.org/topics/eccrine-poroma-images/?stage=Live,https://dermnetnz.org/assets/Uploads/lesions/w/eccrine-poroma2__FocusFillWzE1MCwxMTAsInkiLDFd.jpg,cc24bd349a6161949b91f66f5f6962b1.jpg
Ecthyma images,https://dermnetnz.org/topics/ecthyma-images/?stage=Live,https://dermnetnz.org/assets/Uploads/ecthyma-3-s__FocusFillWzE1MCwxMTAsInkiLDBd.jpg,e7b424bff770dbecd690a39335b2c2a9.jpg
Eczema herpeticum images,https://dermnetnz.org/topics/eczema-herpeticum-images/?stage=Live,https://dermnetnz.org/assets/Uploads/eczema-herpticum02-s__FocusFillWzE1MCwxMTAsInkiLDFd.jpg,9f7a69c8399890e6c4a5ea4ff00bcaa7.jpg
Ehlers–Danlos syndrome images,https://dermnetnz.org/topics/ehlers-danlos-syndrome-images/?stage=Live,https://dermnetnz.org/assets/Uploads/EDS-hypermobility-02__FocusFillWzE1MCwxMTAsInkiLDFd.jpg,426f5e73d061ba15b72a305a8bdbe858.jpg
Enteroviral infection images,https://dermnetnz.org/images/hand-foot-and-mouth-disease-images/?stage=Live,https://dermnetnz.org/assets/Uploads/hfm3-s2__FocusFillWzE1MCwxMTAsInkiLDFd.jpg,0d55004305dede6b5ff124529424c0f3.jpg
Epidermal and pilar cyst images,https://dermnetnz.org/topics/epidermoid-and-trichilemmal-cyst-images/?stage=Live,https://dermnetnz.org/assets/Uploads/cyst16-s__FocusFillWzE1MCwxMTAsInkiLDFd.jpg,2893c52081d0a68462089ee45ec60846.jpg
Epiloia images,https://dermnetnz.org/topics/tuberous-sclerosis-images/?stage=Live,https://dermnetnz.org/assets/Uploads/angiofibromas-19-s__FocusFillWzE1MCwxMTAsInkiLDFd.jpg,658865acea03eddaa7f147f822480087.jpg
Epiloia images,https://dermnetnz.org/topics/tuberous-sclerosis-images/?stage=Live,https://dermnetnz.org/assets/Uploads/tuberous-sclerosis05-s__FocusFillWzE1MCwxMTAsInkiLDFd.jpg,29725c4f2cc6263138e1946315875724.jpg
Erythema infectiosum images,https://dermnetnz.org/topics/erythema-infectiosum-fifth-disease-images/?stage=Live,https://dermnetnz.org/assets/Uploads/fifth05-s__FocusFillWzE1MCwxMTAsInkiLDBd.jpg,583eb943cb448d2049a40be966f92f3f.jpg
Erythema migrans images,https://dermnetnz.org/topics/erythema-migrans-images/?stage=Live,https://dermnetnz.org/assets/Uploads/ecm-16__FocusFillWzE1MCwxMTAsInkiLDFd.JPG,98790cdd026d0ccb070674efbce4dea4.JPG
Erythema multiforme images,https://dermnetnz.org/topics/erythema-multiforme-images/?stage=Live,https://dermnetnz.org/assets/Uploads/emultifor3-s__FocusFillWzE1MCwxMTAsInkiLDFd.jpg,4268fae22011fdae85718d10359e0d88.jpg
Erythema nodosum images,https://dermnetnz.org/topics/erythema-nodosum-images/?stage=Live,https://dermnetnz.org/assets/Uploads/en10-s__FocusFillWzE1MCwxMTAsInkiLDFd.jpg,d73c94c3050241b1b31d0d84b3fdb33f.jpg
Erythrasma images,https://dermnetnz.org/topics/erythrasma-images/?stage=Live,https://dermnetnz.org/assets/Uploads/erythrasma05-s__FocusFillWzE1MCwxMTAsInkiLDFd.jpg,426b5c61567e0892eb4f276768ef8179.jpg
Erythroderma images,https://dermnetnz.org/topics/erythroderma-images/?stage=Live,https://dermnetnz.org/assets/Uploads/erythroderma-06-s__FocusFillWzE1MCwxMTAsInkiLDFd.jpg,4555b714a5a029169aef9babaacc8a52.jpg
Extragenital lichen sclerosus images,https://dermnetnz.org/topics/extragenital-lichen-sclerosus-images/?stage=Live,https://dermnetnz.org/assets/Uploads/102__FocusFillWzE1MCwxMTAsInkiLDFd.jpg,02c4e3a0edb8ac82085c65a2f3947c90.jpg
Eyebrow loss images,https://dermnetnz.org/topics/madarosis-images/?stage=Live,https://dermnetnz.org/assets/Uploads/madarosis-21__FocusFillWzE1MCwxMTAsInkiLDFd.JPG,880e1862a0c63f3f445e4f20ca46d875.JPG
Eyelash loss images,https://dermnetnz.org/topics/madarosis-images/?stage=Live,https://dermnetnz.org/assets/Uploads/madarosis-21__FocusFillWzE1MCwxMTAsInkiLDFd.JPG,880e1862a0c63f3f445e4f20ca46d875.JPG
Eyelid dermatitis images,https://dermnetnz.org/topics/eyelid-dermatitis-images/?stage=Live,https://dermnetnz.org/assets/Uploads/eyelid-dermatitis-06-s__FocusFillWzE1MCwxMTAsInkiLDFd.jpg,d9c6f6029553f6a37b215e56eb1ee9b2.jpg
Fabry disease images,https://dermnetnz.org/topics/angiokeratoma-images/?stage=Live,https://dermnetnz.org/assets/Uploads/angiokeratoma-2__FocusFillWzE1MCwxMTAsInkiLDFd.JPG,9496657066e4f39cac7c6bed772456ca.JPG
Facial acne images,https://dermnetnz.org/topics/acne-face-images/?stage=Live,https://dermnetnz.org/assets/Uploads/Screen-Shot-2018-01-25-at-8__FocusFillWzE1MCwxMTAsIngiLDFd.28.37-PM.png,494d5a1d33f19272b53660845bcc75b4.png
Facial psoriasis images,https://dermnetnz.org/topics/facial-psoriasis-images/?stage=Live,https://dermnetnz.org/assets/Uploads/facial-psoriasis13-s__FocusFillWzE1MCwxMTAsInkiLDFd.jpg,716cdc15bc65fb36db3e8dd4f3afc632.jpg
Fibrofolliculomas in Birt–Hogg–Dubé images,https://dermnetnz.org/topics/fibrofolliculomas-in-birthoggdube-images/?stage=Live,https://dermnetnz.org/assets/Uploads/birt-hogg-dube-8__FocusFillWzE1MCwxMTAsInkiLDFd.JPG,e2739c63b978e2226a2cec506ed72b21.JPG
Fifth disease images,https://dermnetnz.org/topics/erythema-infectiosum-fifth-disease-images/?stage=Live,https://dermnetnz.org/assets/Uploads/fifth05-s__FocusFillWzE1MCwxMTAsInkiLDBd.jpg,583eb943cb448d2049a40be966f92f3f.jpg
Fishtank granuloma images,https://dermnetnz.org/topics/atypical-mycobacterial-infection-images/?stage=Live,https://dermnetnz.org/assets/Uploads/m-marinum-2-s__FocusFillWzE1MCwxMTAsInkiLDFd.jpg,0cd06c9444a4d416322589774df32310.jpg
Flexural psoriasis images,https://dermnetnz.org/topics/flexural-psoriasis-images/?stage=Live,https://dermnetnz.org/assets/Uploads/psorkai3__FocusFillWzE1MCwxMTAsInkiLDFd.JPG,231232ca989aaace84b8f30b1018685a.JPG
Folliculitis images,https://dermnetnz.org/topics/folliculitis-images/?stage=Live,https://dermnetnz.org/assets/Uploads/2650__FocusFillWzE1MCwxMTAsInkiLDIwXQ.jpg,b115c57c5f8c33e69329218758949db0.jpg
Folliculitis keloidalis images,https://dermnetnz.org/topics/folliculitis-keloidalis-images/?stage=Live,https://dermnetnz.org/assets/Uploads/3720__FocusFillWzE1MCwxMTAsInkiLDFd.jpg,e77594313fbaa8ea7aa759f31f9d08cc.jpg
Fordyce angiokeratoma images,https://dermnetnz.org/topics/angiokeratoma-images/?stage=Live,https://dermnetnz.org/assets/Uploads/angiokeratoma-2__FocusFillWzE1MCwxMTAsInkiLDFd.JPG,9496657066e4f39cac7c6bed772456ca.JPG
Fungal skin infection images,https://dermnetnz.org/image-catalogue/fungal-skin-infection-images/?stage=Live,https://dermnetnz.org/assets/Uploads/tinea-barbae001-s__FocusFillWzE1MCwxMTAsInkiLDFd.jpg,275ccfa38c071623ed44290e931b8700.jpg
Generalised pustular psoriasis images,https://dermnetnz.org/topics/generalised-pustular-psoriasis-images/?stage=Live,https://dermnetnz.org/assets/Uploads/gen-pustular-psoriasis-03__FocusFillWzE1MCwxMTAsInkiLDFd.JPG,f25268fe7fb188b6ee3c1f0675e4c93b.JPG
Genital Crohn disease images,https://dermnetnz.org/topics/genital-crohn-disease-images/?stage=Live,https://dermnetnz.org/assets/Uploads/genital-crohn-1-s__FocusFillWzE1MCwxMTAsInkiLDM5XQ.jpg,c35de0324a1ae0756d6efe27699a77a8.jpg
Genital herpes images,https://dermnetnz.org/topics/genital-herpes-images/?stage=Live,https://dermnetnz.org/assets/Uploads/hsbuttock2-s__FocusFillWzE1MCwxMTAsInkiLDFd.jpg,d889421060f4cb0ba62338cb81ba0da1.jpg
Genital lichen planus images,https://dermnetnz.org/images/genital-lichen-planus-images/?stage=Live,https://dermnetnz.org/assets/Uploads/2381-s3__FocusFillWzE1MCwxMTAsInkiLDEwXQ.jpg,f2bddd8d4c3afeec2776f5fe63808be5.jpg
Genital psoriasis images,https://dermnetnz.org/topics/genital-psoriasis-images/?stage=Live,https://dermnetnz.org/assets/Uploads/genital-psoriasis-09-s2__FocusFillWzE1MCwxMTAsInkiLDEyXQ.jpg,8c37fac4c008c1d457478444e0160015.jpg
Genital wart images,https://dermnetnz.org/images/genital-wart-images/?stage=Live,https://dermnetnz.org/assets/Uploads/gw2-small2__FocusFillWzE1MCwxMTAsInkiLDE1XQ.jpg,852a0e130217a83772c3e074ed69e17e.jpg
Gougerot Blum images,https://dermnetnz.org/topics/capillaritis-images/?stage=Live,https://dermnetnz.org/assets/Uploads/2509__FocusFillWzE1MCwxMTAsIngiLDdd.jpg,bee562800fd4652005998542f6f02089.jpg
Gouty tophus images,https://dermnetnz.org/topics/gouty-tophi-images/?stage=Live,https://dermnetnz.org/assets/Uploads/gout6-s__FocusFillWzE1MCwxMTAsInkiLDFd.jpg,570261e3fd3da0de5133f39817488613.jpg
Granular parakeratosis images,https://dermnetnz.org/topics/granular-parakeratosis-images/?stage=Live,https://dermnetnz.org/assets/Uploads/granular-parakeratosis-8__FocusFillWzE1MCwxMTAsInkiLDFd.jpg,fa88134963e60ce64dda747a11ef9f01.jpg
Granuloma annulare images,https://dermnetnz.org/topics/granuloma-annulare-images/?stage=Live,https://dermnetnz.org/assets/Uploads/ga12-s__FocusFillWzE1MCwxMTAsInkiLDFd.jpg,df5fb63470713846f7c117888181cd5f.jpg
Grover disease,https://dermnetnz.org/topics/transient-acantholytic-dermatosis-images/?stage=Live,https://dermnetnz.org/assets/Uploads/scaly/grovers-disease/2729__FocusFillWzE1MCwxMTAsInkiLDFd.jpg,9a14ec25417ab1644695b028e1e3d56f.jpg
Guttate psoriasis images,https://dermnetnz.org/topics/guttate-psoriasis-images/?stage=Live,https://dermnetnz.org/assets/Uploads/2756__FocusFillWzE1MCwxMTAsInkiLDFd.jpg,4fd10920bfedbea1f9798ad6913760b7.jpg
"Hair, scalp, nail and sweat images",https://dermnetnz.org/image-catalogue/hair-scalp-nail-and-sweat-images/?stage=Live,https://dermnetnz.org/assets/Uploads/woolly-hair-naevus2-s2__FocusFillWzE1MCwxMTAsInkiLDFd.jpg,3cab2f5f8688b593c50fcf6ed6511e6c.jpg
Halo mole images,https://dermnetnz.org/topics/halo-mole-images/?stage=Live,https://dermnetnz.org/assets/Uploads/bml-h2-thunmbnail__FocusFillWzE1MCwxMTAsInkiLDFd.jpg,c4def7be54e01c21d791cf181f624da4.jpg
Hand dermatitis images,https://dermnetnz.org/topics/hand-dermatitis-images/?stage=Live,https://dermnetnz.org/assets/Uploads/2808__FocusFillWzE1MCwxMTAsInkiLDIwXQ.jpg,92853a34779b49e38ac40ae78f21f3f4.jpg
Hand foot and mouth disease images,https://dermnetnz.org/images/hand-foot-and-mouth-disease-images/?stage=Live,https://dermnetnz.org/assets/Uploads/hfm3-s3__FocusFillWzE1MCwxMTAsInkiLDFd.jpg,6dba679b008e6a0e664e8433f8420b6c.jpg
Herpes simplex images,https://dermnetnz.org/topics/herpes-simplex-images/?stage=Live,https://dermnetnz.org/assets/Uploads/2881__FocusFillWzE1MCwxMTAsInkiLDFd.jpg,73da01fd445621bc1b066d27d98e12c9.jpg
Herpes zoster images,https://dermnetnz.org/topics/herpes-zoster-images/?stage=Live,https://dermnetnz.org/assets/Uploads/zoster-14-s__FocusFillWzE1MCwxMTAsInkiLDFd.jpg,5fb9e8bab6b7bf569fd147c884fe5810.jpg
Hidradenitis suppurativa images,https://dermnetnz.org/topics/hidradenitis-suppurativa-images/?stage=Live,https://dermnetnz.org/assets/Uploads/hs-axilla-54__FocusFillWzE1MCwxMTAsInkiLDFd.JPG,1a27a4b2925e1e0ed0763532208da127.JPG
Hidrocystoma images,https://dermnetnz.org/topics/hidrocystoma-images/?stage=Live,https://dermnetnz.org/assets/Uploads/hidrocystoma-3__FocusFillWzE1MCwxMTAsInkiLDFd.jpg,82db055f962dc285f29a9329c36f7590.jpg
Hypomelanotic malignant melanoma images,https://dermnetnz.org/images/amelanotic-melanoma-images/?stage=Live,https://dermnetnz.org/assets/Uploads/12a-amelanotic-melanoma__FocusFillWzE1MCwxMTAsInkiLDFd.jpg,188b34c982c807d9830b3a51345cc1ae.jpg
Ichthyosis images,https://dermnetnz.org/topics/ichthyosis-images/?stage=Live,https://dermnetnz.org/assets/Uploads/ichthyosis-25-s__FocusFillWzE1MCwxMTAsInkiLDFd.jpg,77e13c44abafbce0549ba8f75135361e.jpg
Immunological disorder images,https://dermnetnz.org/image-catalogue/immunological-disorder-images/?stage=Live,https://dermnetnz.org/assets/Uploads/htrophicle-s__FocusFillWzE1MCwxMTAsInkiLDFd.jpg,35d2eea38385ed90a070a187b91e062e.jpg
Impetigo images,https://dermnetnz.org/images/impetigo-images/?stage=Live,https://dermnetnz.org/assets/Uploads/impet8-s__FocusFillWzE1MCwxMTAsInkiLDFd.jpg,45b59ad387f56f2989ebd58ce68fe33e.jpg
In situ squamous cell carcinoma images,https://dermnetnz.org/topics/intraepidermal-carcinoma-images/?stage=Live,https://dermnetnz.org/assets/Uploads/2916__FocusFillWzE1MCwxMTAsInkiLDFd.jpg,99a31a4df87653252585b9dbd426461e.jpg
Infantile acne images,https://dermnetnz.org/topics/infantile-acne-images/?stage=Live,https://dermnetnz.org/assets/Uploads/infantile-acne1-s__FocusFillWzE1MCwxMTAsInkiLDFd.jpg,3ebe257a2a3f6fd2bec51c38cd82485f.jpg
Infantile papular acrodermatitis images,https://dermnetnz.org/topics/infantile-papular-acrodermatitis-images/?stage=Live,https://dermnetnz.org/assets/Uploads/gcs09-s__FocusFillWzE1MCwxMTAsInkiLDFd.jpg,2dbc3e0fcbfdc1254a39f175e17eefff.jpg
Insect bite images,https://dermnetnz.org/topics/insect-bite-images/?stage=Live,https://dermnetnz.org/assets/Uploads/bites-s__FocusFillWzE1MCwxMTAsInkiLDFd.jpg,ad4160af7ec7506a9530f2022b75f733.jpg
"Insect, mite and worm bite images",https://dermnetnz.org/image-catalogue/insect-mite-and-worm-bite-images/?stage=Live,https://dermnetnz.org/assets/Uploads/leishmaniasis1__FocusFillWzE1MCwxMTAsInkiLDFd.jpg,4f78b5c7e87b9b6e76ce877a45c8c1fa.jpg
Juvenile plantar dermatosis images,https://dermnetnz.org/topics/juvenile-plantar-dermatosis-images/?stage=Live,https://dermnetnz.org/assets/Uploads/jpd10-s__FocusFillWzE1MCwxMTAsInkiLDFd.jpg,5dbbe6ac1114412fad0c69240698e70e.jpg
Kaposi sarcoma images,https://dermnetnz.org/topics/kaposi-sarcoma-images/?stage=Live,https://dermnetnz.org/assets/Uploads/plaque2__FocusFillWzE1MCwxMTAsIngiLDZd.jpg,ac4658e8fd8cafce0fec06c99425ef22.jpg
Keloid images,https://dermnetnz.org/images/keloid-images/?stage=Live,https://dermnetnz.org/assets/Uploads/keloid22-s__FocusFillWzE1MCwxMTAsInkiLDFd.jpg,80374bba09bb81dc6a979737513b2609.jpg
Keratoacanthoma images,https://dermnetnz.org/topics/keratoacanthoma-images/?stage=Live,https://dermnetnz.org/assets/Uploads/3001__FocusFillWzE1MCwxMTAsInkiLDFd.jpg,4870e68a717112822fbe40a8c4d3fa7f.jpg
Keratolytic winter erythema,https://dermnetnz.org/topics/keratolytic-winter-erythema-images/?stage=Live,https://dermnetnz.org/assets/Uploads/keratolytic-winter-erythema-08__FocusFillWzE1MCwxMTAsIngiLDdd.jpg,5c7bda47cd06af10a9de180defce41ee.jpg
Keratosis pilaris images,https://dermnetnz.org/topics/keratosis-pilaris-images/?stage=Live,https://dermnetnz.org/assets/Uploads/3014__FocusFillWzE1MCwxMTAsInkiLDFd.jpg,f9bd376e32799bff3720c04cd9ac711a.jpg
Kerion images,https://dermnetnz.org/topics/kerion-images/?stage=Live,https://dermnetnz.org/assets/Uploads/kerion09-s__FocusFillWzE1MCwxMTAsInkiLDFd.jpg,4fab4bb662a977e39690cb1f7ec6bead.jpg
Labial fusion images,https://dermnetnz.org/topics/labial-fusion-images/?stage=Live,https://dermnetnz.org/assets/Uploads/labial-fusion05-s__FocusFillWzE1MCwxMTAsInkiLDUwXQ.jpg,842fa7ba6c27b181c5c385ab9833eed6.jpg
Lax beetle images,https://dermnetnz.org/topics/?stage=Live,https://dermnetnz.org/assets/Uploads/lax-beetle-3__FocusFillWzE1MCwxMTAsInkiLDFd.jpg,9eb469191a3261295f1d3d765acd0db0.jpg
Leg ulcer images,https://dermnetnz.org/topics/leg-ulcer-images/?stage=Live,https://dermnetnz.org/assets/Uploads/3061__FocusFillWzE1MCwxMTAsInkiLDQ1XQ.jpg,aad36188b70b15584395eb88de9bc0ca.jpg
Leishmaniasis images,https://dermnetnz.org/?stage=Live,https://dermnetnz.org/assets/Uploads/cutaneous-leishmaniasis-19-v3__FocusFillWzE1MCwxMTAsInkiLDFd.JPG,b9d14fa2dacc7d329a33e8644533b204.JPG
Lentigo images,https://dermnetnz.org/topics/lentigo-images/?stage=Live,https://dermnetnz.org/assets/Uploads/lentigo10-s__FocusFillWzE1MCwxMTAsInkiLDFd.jpg,4f611b59c9955f51432251d7cd1acd72.jpg
Lentigo maligna melanoma images,https://dermnetnz.org/images/lentigo-maligna-melanoma-images/?stage=Live,https://dermnetnz.org/assets/Uploads/lmm5-big2__FocusFillWzE1MCwxMTAsInkiLDFd.jpg,d209cb42f22fba486cedfa6b64fd3ec7.jpg
"Lesion, tumour and cancer images",https://dermnetnz.org/image-catalogue/lesion-tumour-and-cancer-images/?stage=Live,https://dermnetnz.org/assets/Uploads/ep-n5-s__FocusFillWzE1MCwxMTAsInkiLDFd.jpg,dec6087f4c0aa752bbe7c6141e2a10f6.jpg
Lichen aureus images,https://dermnetnz.org/topics/capillaritis-images/?stage=Live,https://dermnetnz.org/assets/Uploads/2509__FocusFillWzE1MCwxMTAsIngiLDdd.jpg,bee562800fd4652005998542f6f02089.jpg
Lichen planus images,https://dermnetnz.org/images/lichen-planus-images/?stage=Live,https://dermnetnz.org/assets/Uploads/3078__FocusFillWzE1MCwxMTAsInkiLDFd.jpg,def112153cb6ff69e6337798918cf618.jpg
Lichen planus nail images,https://dermnetnz.org/images/nail-lichen-planus-images/?stage=Live,https://dermnetnz.org/assets/Uploads/lichen-planus-matrix-2-s__FocusFillWzE1MCwxMTAsInkiLDFd.jpg,e75a41c468ac037fda77b8bd5598301f.jpg
Lichen simplex images,https://dermnetnz.org/?stage=Live,https://dermnetnz.org/assets/Uploads/3118__FocusFillWzE1MCwxMTAsIngiLDdd.jpg,3d83e5aeb35f144759ae7235fad30591.jpg
Lipodermatosclerosis,https://dermnetnz.org/topics/lipodermatosclerosis-images/?stage=Live,https://dermnetnz.org/assets/Uploads/acute-lipodermatosclerosis-06__FocusFillWzE1MCwxMTAsInkiLDFd.JPG,f107f8521cd33ff7fea36536b313ebbe.JPG
Loss of eyebrows images,https://dermnetnz.org/topics/madarosis-images/?stage=Live,https://dermnetnz.org/assets/Uploads/madarosis-21__FocusFillWzE1MCwxMTAsInkiLDFd.JPG,880e1862a0c63f3f445e4f20ca46d875.JPG
Loss of eyelashes images,https://dermnetnz.org/topics/madarosis-images/?stage=Live,https://dermnetnz.org/assets/Uploads/madarosis-21__FocusFillWzE1MCwxMTAsInkiLDFd.JPG,880e1862a0c63f3f445e4f20ca46d875.JPG
Madarosis images,https://dermnetnz.org/topics/madarosis-images/?stage=Live,https://dermnetnz.org/assets/Uploads/madarosis-21__FocusFillWzE1MCwxMTAsInkiLDFd.JPG,880e1862a0c63f3f445e4f20ca46d875.JPG
Majocchi purpura images,https://dermnetnz.org/topics/capillaritis-images/?stage=Live,https://dermnetnz.org/assets/Uploads/2509__FocusFillWzE1MCwxMTAsIngiLDdd.jpg,bee562800fd4652005998542f6f02089.jpg
Mammmary and extramammary Paget disease,https://dermnetnz.org/topics/mammary-and-extramammary-paget-disease-of-the-skin-images/?stage=Live,https://dermnetnz.org/assets/Uploads/extra-paget-04__FocusFillWzE1MCwxMTAsInkiLDFd.JPG,59d49c844c8fdeaaf8905d1349f80f76.JPG
Measles images,https://dermnetnz.org/topics/measles-images/?stage=Live,https://dermnetnz.org/assets/Uploads/measles10-s__FocusFillWzE1MCwxMTAsInkiLDFd.jpg,3457231bd24160121fab79e8f175fe86.jpg
Melanoma in situ images,https://dermnetnz.org/topics/melanoma-in-situ-images/?stage=Live,https://dermnetnz.org/assets/Uploads/alm17__FocusFillWzE1MCwxMTAsInkiLDFd.jpg,3804f43b870d3adc089958b3b7ec66ea.jpg
Melanoma of nail unit images,https://dermnetnz.org/topics/melanoma-of-nail-unit-images/?stage=Live,https://dermnetnz.org/assets/Uploads/melanoma-s2__FocusFillWzE1MCwxMTAsInkiLDFd.jpg,b7f64ba203d9fd8cb73934b30e2f98ad.jpg
Melanonychia images,https://dermnetnz.org/topics/melanonychia-images/?stage=Live,https://dermnetnz.org/assets/Uploads/melanonychia-08-s__FocusFillWzE1MCwxMTAsInkiLDBd.jpg,536daee4a87392867b095a67554e3a1e.jpg
Melasma images,https://dermnetnz.org/topics/melasma-images/?stage=Live,https://dermnetnz.org/assets/Uploads/3130__FocusFillWzE1MCwxMTAsInkiLDFd.jpg,34fc3f7c10464ad8d6c89862726ea578.jpg
Metastatic melanoma images,https://dermnetnz.org/topics/metastatic-melanoma-images/?stage=Live,https://dermnetnz.org/assets/Uploads/metastatic-melanoma-008__FocusFillWzE1MCwxMTAsIngiLDdd.JPG,e867866ed4319751bc6e2da43eff5529.JPG
Milia images,https://dermnetnz.org/topics/milia-images/?stage=Live,https://dermnetnz.org/assets/Uploads/milia-18__FocusFillWzE1MCwxMTAsInkiLDFd.jpg,da201862aa9a54192aed9d97d16b43be.jpg
Mole images,https://dermnetnz.org/topics/mole-images/?stage=Live,https://dermnetnz.org/assets/Uploads/3180__FocusFillWzE1MCwxMTAsInkiLDFd.jpg,a44ab92c970d0b55b823b96ca76d5d99.jpg
Molluscum contagiosum images,https://dermnetnz.org/topics/molluscum-contagiosum-images/?stage=Live,https://dermnetnz.org/assets/Uploads/molluscum50-s__FocusFillWzE1MCwxMTAsInkiLDBd.jpg,d7a5f39adfe1862381e27dde2518cbe4.jpg
"Moniliasis affecting the lips, mouth and face images",https://dermnetnz.org/topics/candida-affecting-the-lips-mouth-and-face-images/?stage=Live,https://dermnetnz.org/assets/Uploads/1282-big2__FocusFillWzE1MCwxMTAsInkiLDFd.jpg,9776a47e60b70cb625adcb29ffbd2982.jpg
Morphea images,https://dermnetnz.org/topics/morphoea-images/?stage=Live,https://dermnetnz.org/assets/Uploads/3193__FocusFillWzE1MCwxMTAsInkiLDIwXQ.jpg,e7552cc552d1b6b86727feb4eb11dc81.jpg
Nail psoriasis images,https://dermnetnz.org/topics/nail-psoriasis-images/?stage=Live,https://dermnetnz.org/assets/Uploads/3227__FocusFillWzE1MCwxMTAsInkiLDIwXQ.jpg,9e22e39671eae3f8d160619abb60bf8e.jpg
Necrotising fasciitis images,https://dermnetnz.org/topics/necrotising-fasciitis-images/?stage=Live,https://dermnetnz.org/assets/Uploads/nec-fas9-s__FocusFillWzE1MCwxMTAsInkiLDFd.jpg,203d495b41506fdf99d97e5fe46d43c9.jpg
Neurofibromatosis images,https://dermnetnz.org/topics/neurofibromatosis-images/?stage=Live,https://dermnetnz.org/assets/Uploads/nf7__FocusFillWzE1MCwxMTAsInkiLDFd.jpg,5a10f18ab023e5d95fcac4496e22dfc8.jpg
Nodular BCC images,https://dermnetnz.org/topics/nodular-bcc-images/?stage=Live,https://dermnetnz.org/assets/Uploads/nBCC__FocusFillWzE1MCwxMTAsIngiLDdd.jpg,c25cbe93d582250d68db0725525af54f.jpg
Nodular basal cell carcinoma images,https://dermnetnz.org/topics/nodular-bcc-images/?stage=Live,https://dermnetnz.org/assets/Uploads/nBCC3__FocusFillWzE1MCwxMTAsIngiLDdd.jpg,e740b877a78665f55729fdb5c1bae1df.jpg
Nodular melanoma images,https://dermnetnz.org/images/nodular-melanoma-images/?stage=Live,https://dermnetnz.org/assets/Uploads/nm3-s__FocusFillWzE1MCwxMTAsInkiLDFd.jpg,e784846f2b6a2bdfedb874a82f204b6c.jpg
Nontuberculous mycobacteria images,https://dermnetnz.org/topics/atypical-mycobacterial-infection-images/?stage=Live,https://dermnetnz.org/assets/Uploads/m-marinum-2-s__FocusFillWzE1MCwxMTAsInkiLDFd.jpg,0cd06c9444a4d416322589774df32310.jpg
Nummular dermatitis images,https://dermnetnz.org/images/discoid-eczema-images/?stage=Live,https://dermnetnz.org/assets/Uploads/nummular-eczema39-s__FocusFillWzE1MCwxMTAsInkiLDBd.jpg,d3fb2f90ac1329cf35c21b7331eec986.jpg
Orf images,https://dermnetnz.org/topics/orf-images/?stage=Live,https://dermnetnz.org/assets/Uploads/orf15-s__FocusFillWzE1MCwxMTAsInkiLDBd.jpg,b61581407c07fd29d2a070cc62586940.jpg
PMLE images,https://dermnetnz.org/images/polymorphic-light-eruption-images/?stage=Live,https://dermnetnz.org/assets/Uploads/pmle-12__FocusFillWzE1MCwxMTAsInkiLDFd.jpg,08cea89737b8ee912022d95276befe11.jpg
Palmoplantar psoriasis images,https://dermnetnz.org/topics/palmoplantar-psoriasis-images/?stage=Live,https://dermnetnz.org/assets/Uploads/ppps03-s__FocusFillWzE1MCwxMTAsIngiLDld.jpg,097922236394a18854c7fb998c563c0b.jpg
Palmoplantar pustulosis images,https://dermnetnz.org/topics/palmoplantar-pustulosis-images/?stage=Live,https://dermnetnz.org/assets/Uploads/palmar-pustulosis-01__FocusFillWzE1MCwxMTAsIngiLDld.JPG,977e6b3f2ca0aed7be2da820f41cb191.JPG
Paronychia images,https://dermnetnz.org/topics/paronychia-images/?stage=Live,https://dermnetnz.org/assets/Uploads/3295__FocusFillWzE1MCwxMTAsInkiLDFd.jpg,ae1ec539e41d26d2feb4ecb6bf32c336.jpg
Patch test images,https://dermnetnz.org/topics/patch-test-images/?stage=Live,https://dermnetnz.org/assets/Uploads/3312__FocusFillWzE1MCwxMTAsInkiLDFd.jpg,45d6c383b3fb11adccb67e92134ecb91.jpg
Pemphigus vulgaris,https://dermnetnz.org/images/pemphigus-vulgaris-images/?stage=Live,https://dermnetnz.org/assets/Uploads/pemphigus-vulgaris-20__FocusFillWzE1MCwxMTAsInkiLDFd.JPG,29562cd080ccacd0e2695892d1f3c64c.JPG
Penile epithelial neoplasia images,https://dermnetnz.org/topics/penile-epithelial-neoplasia-images/?stage=Live,https://dermnetnz.org/assets/Uploads/pin1-1__FocusFillWzE1MCwxMTAsInkiLDhd.jpg,118e13a6a8965b7e1b279f0abba7cfb1.jpg
Penile infections images,https://dermnetnz.org/topics/balanitis-images/?stage=Live,https://dermnetnz.org/assets/Uploads/balanitis4-s-1__FocusFillWzE1MCwxMTAsInkiLDIzXQ.jpg,0403ad3fdd415cbbf1098604bd4a82e5.jpg
Penile lichen planus images,https://dermnetnz.org/images/genital-lichen-planus-images/?stage=Live,https://dermnetnz.org/assets/Uploads/2381-s3__FocusFillWzE1MCwxMTAsInkiLDEwXQ.jpg,f2bddd8d4c3afeec2776f5fe63808be5.jpg
Penile lichen sclerosus,https://dermnetnz.org/topics/penile-lichen-sclerosus-images/?stage=Live,https://dermnetnz.org/assets/Uploads/088-small__FocusFillWzE1MCwxMTAsInkiLDQ0XQ.jpg,54fac206e63cde772d1d79f5ffe85cbc.jpg
Penile pearly papules images,https://dermnetnz.org/topics/pearly-penile-papules-images/?stage=Live,https://dermnetnz.org/assets/Uploads/ppp1-small2__FocusFillWzE1MCwxMTAsIngiLDIwXQ.jpg,87a7d9a96684ff7680201e9a063de54a.jpg
Perianal lichen sclerosus images,https://dermnetnz.org/topics/perianal-lichen-sclerosus-images/?stage=Live,https://dermnetnz.org/assets/Uploads/086-small2__FocusFillWzE1MCwxMTAsIngiLDEyXQ.jpg,ba79a23e55859da9c4d7da26073666c1.jpg
Perioral dermatitis images,https://dermnetnz.org/images/periorificial-dermatitis-images/?stage=Live,https://dermnetnz.org/assets/Uploads/3413__FocusFillWzE1MCwxMTAsInkiLDFd.jpg,05035c7a5b8f297998a0e10f6e6859de.jpg
Perleche images,https://dermnetnz.org/images/angular-cheilitis-images/?stage=Live,https://dermnetnz.org/assets/Uploads/perleche13-s__FocusFillWzE1MCwxMTAsInkiLDFd.jpg,75006b33437b85aac62396918144eb0f.jpg
Perlèche images,https://dermnetnz.org/images/angular-cheilitis-images/?stage=Live,https://dermnetnz.org/assets/Uploads/perleche13-s__FocusFillWzE1MCwxMTAsInkiLDFd.jpg,75006b33437b85aac62396918144eb0f.jpg
Phototherapy course images,https://dermnetnz.org/image-catalogue/phototherapy-course-images/?stage=Live,https://dermnetnz.org/assets/Uploads/uva1-s__FocusFillWzE1MCwxMTAsInkiLDc3XQ.jpg,5f111555bf85d87857bc003e5b38b4c8.jpg
Piezogenic papule images,https://dermnetnz.org/topics/piezogenic-papule-images/?stage=Live,https://dermnetnz.org/assets/Uploads/piezogenic-papules1-s__FocusFillWzE1MCwxMTAsInkiLDFd.jpg,36e41135e3e360800b63b28ef11727c8.jpg
Pigmentation problem images,https://dermnetnz.org/image-catalogue/pigmentation-problem-images/?stage=Live,https://dermnetnz.org/assets/Uploads/vitiligo-51-s__FocusFillWzE1MCwxMTAsInkiLDFd.jpg,7da3fbd495b68d6126a6e11d63aa3eba.jpg
Pigmented purpura images,https://dermnetnz.org/topics/capillaritis-images/?stage=Live,https://dermnetnz.org/assets/Uploads/2509__FocusFillWzE1MCwxMTAsIngiLDdd.jpg,bee562800fd4652005998542f6f02089.jpg
Pigmented purpuric lichenoid dermatosis images,https://dermnetnz.org/topics/capillaritis-images/?stage=Live,https://dermnetnz.org/assets/Uploads/2509__FocusFillWzE1MCwxMTAsIngiLDdd.jpg,bee562800fd4652005998542f6f02089.jpg
Pityriasis alba images,https://dermnetnz.org/images/pityrasis-alba-images/?stage=Live,https://dermnetnz.org/assets/Uploads/pityriasis-alba-3-s__FocusFillWzE1MCwxMTAsInkiLDFd.jpg,27e905aa5ead561bce09f31cc3e8baa3.jpg
Pityriasis rosea images,https://dermnetnz.org/?stage=Live,https://dermnetnz.org/assets/Uploads/pit-rosea26-s__FocusFillWzE1MCwxMTAsInkiLDFd.jpg,1c0cf1a63e43648cc217d390175eafd9.jpg
Pityriasis versicolor images,https://dermnetnz.org/topics/pityriasis-versicolor-images/?stage=Live,https://dermnetnz.org/assets/Uploads/pitver2s__FocusFillWzE1MCwxMTAsInkiLDFd.jpg,98ee2c62a84a3c9901231aace07851b6.jpg
Plasma cell balanitis/vulvitis images,https://dermnetnz.org/topics/plasma-cell-balanitisvulvitis-images/?stage=Live,https://dermnetnz.org/assets/Uploads/plasma1__FocusFillWzE1MCwxMTAsIngiLDI2XQ.jpg,f8ed359e72282192e8fd05fc85a0d108.jpg
Polymorphic light eruption images,https://dermnetnz.org/images/polymorphic-light-eruption-images/?stage=Live,https://dermnetnz.org/assets/Uploads/pmle-12__FocusFillWzE1MCwxMTAsInkiLDFd.jpg,08cea89737b8ee912022d95276befe11.jpg
Polymorphous light eruption images,https://dermnetnz.org/images/polymorphic-light-eruption-images/?stage=Live,https://dermnetnz.org/assets/Uploads/pmle-12__FocusFillWzE1MCwxMTAsInkiLDFd.jpg,08cea89737b8ee912022d95276befe11.jpg
Pompholyx images,https://dermnetnz.org/topics/pompholyx-images/?stage=Live,https://dermnetnz.org/assets/Uploads/3517__FocusFillWzE1MCwxMTAsInkiLDIwXQ.jpg,352467abeaa1a0ddd33257792b12b17f.jpg
Pretibial myxoedema images,https://dermnetnz.org/topics/pretibial-myxoedema-images/?stage=Live,https://dermnetnz.org/assets/Uploads/pretibial-myxoedema-17-s__FocusFillWzE1MCwxMTAsInkiLDFd.jpg,64a3355043756265a1d3477f1fa5576f.jpg
Principals of dermatological practice course images,https://dermnetnz.org/image-catalogue/principals-of-dermatological-practice-course-images/?stage=Live,https://dermnetnz.org/assets/Uploads/tape-reaction-s__FocusFillWzE1MCwxMTAsInkiLDFd.jpg,cb3d4ff6145682a7c7aa392cacc9595a.jpg
Procedures images,https://dermnetnz.org/image-catalogue/procedures-images/?stage=Live,https://dermnetnz.org/assets/Uploads/mohs5-s__FocusFillWzE1MCwxMTAsInkiLDFd.jpg,9f2db02b1c49f036555d33dad84f2397.jpg
Prurigo of pregnancy images,https://dermnetnz.org/topics/prurigo-of-pregnancy-images/?stage=Live,https://dermnetnz.org/assets/Uploads/prurigo-pregnancy-05-s__FocusFillWzE1MCwxMTAsInkiLDFd.jpg,30d1ad5a5644d70387adc1011108d9fd.jpg
Psoriasis affecting the face images,https://dermnetnz.org/topics/facial-psoriasis-images/?stage=Live,https://dermnetnz.org/assets/Uploads/facial-psoriasis13-s2__FocusFillWzE1MCwxMTAsInkiLDFd.jpg,8f608f966bc1a6d0890e5cd51d0029c8.jpg
Psoriasis of the scalp images,https://dermnetnz.org/topics/psoriasis-of-the-scalp-images/?stage=Live,https://dermnetnz.org/assets/Uploads/3567__FocusFillWzE1MCwxMTAsInkiLDFd.jpg,61e1f4b18bbb6c89e9ce717d1fc48d61.jpg
Purpura annularis telangiectodes images,https://dermnetnz.org/topics/capillaritis-images/?stage=Live,https://dermnetnz.org/assets/Uploads/2509__FocusFillWzE1MCwxMTAsIngiLDdd.jpg,bee562800fd4652005998542f6f02089.jpg
Pustular psoriasis of the hand and feet images,https://dermnetnz.org/topics/palmoplantar-pustulosis-images/?stage=Live,https://dermnetnz.org/assets/Uploads/ppps03-s__FocusFillWzE1MCwxMTAsIngiLDld.jpg,097922236394a18854c7fb998c563c0b.jpg
Reactions to external agent images,https://dermnetnz.org/image-catalogue/reactions-to-external-agent-images/?stage=Live,https://dermnetnz.org/assets/Uploads/cle1-s__FocusFillWzE1MCwxMTAsInkiLDFd.jpg,70885d7daa8a18be6cca92005d27ec48.jpg
Rhinophyma images,https://dermnetnz.org/topics/rhinophyma-images/?stage=Live,https://dermnetnz.org/assets/Uploads/rhinophyma-03-s__FocusFillWzE1MCwxMTAsInkiLDFd.jpg,c60ba0cb124e6d27d316b61c240b2476.jpg
Rodent ulcer affecting the ear images,https://dermnetnz.org/topics/basal-cell-carcinoma-affecting-the-ear-images/?stage=Live,https://dermnetnz.org/assets/Uploads/0692__FocusFillWzE1MCwxMTAsInkiLDFd.jpg,55b69ecbe12aac4199559fffdf6dcdd7.jpg
Rodent ulcer affecting the eyelid images,https://dermnetnz.org/topics/basal-cell-carcinoma-affecting-the-eyelid-images/?stage=Live,https://dermnetnz.org/assets/Uploads/0633__FocusFillWzE1MCwxMTAsInkiLDIwXQ.jpg,7cfb36863bce91066960a92ff5fa364f.jpg
Rodent ulcer affecting the face images,https://dermnetnz.org/topics/basal-cell-carcinoma-affecting-the-face-images/?stage=Live,https://dermnetnz.org/assets/Uploads/0616__FocusFillWzE1MCwxMTAsInkiLDIwXQ.jpg,ec73938654d5b4f70853f0cb2f43bbe5.jpg
Rodent ulcer affecting the nose images,https://dermnetnz.org/topics/basal-cell-carcinoma-affecting-the-nose-images/?stage=Live,https://dermnetnz.org/assets/Uploads/0629__FocusFillWzE1MCwxMTAsInkiLDIwXQ.jpg,02e3a7446c2236ced23295674aa757e4.jpg
Rodent ulcer affecting the trunk images,https://dermnetnz.org/topics/basal-cell-carcinoma-affecting-the-trunk-images/?stage=Live,https://dermnetnz.org/assets/Uploads/0653__FocusFillWzE1MCwxMTAsInkiLDFd.jpg,dec0bfdfe3d27190a5db5940140f6fd5.jpg
Rosacea images,https://dermnetnz.org/images/rosacea-images/?stage=Live,https://dermnetnz.org/assets/Uploads/3618__FocusFillWzE1MCwxMTAsInkiLDFd.jpg,f46060fe0da4c458edac0fd2bbac80e1.jpg
Roseola images,https://dermnetnz.org/topics/roseola-images/?stage=Live,https://dermnetnz.org/assets/Uploads/roseola-001__FocusFillWzE1MCwxMTAsInkiLDFd.jpg,6e958070392edc1122a92850b83abb78.jpg
SJS-TEN images,https://dermnetnz.org/topics/sjs-ten-images/?stage=Live,https://dermnetnz.org/assets/Uploads/sjs-ten-trunk-148__FocusFillWzE1MCwxMTAsInkiLDFd.JPG,ba39e29e036619158cb9298594c6b803.JPG
SLE images,https://dermnetnz.org/topics/systemic-lupus-erythematosus-images/?stage=Live,https://dermnetnz.org/assets/Uploads/sle-07-s2__FocusFillWzE1MCwxMTAsInkiLDFd.jpg,2cc65d347fde74f66152fb8256e7d080.jpg
Scabies images,https://dermnetnz.org/images/scabies-images/?stage=Live,https://dermnetnz.org/assets/Uploads/scabies28-s__FocusFillWzE1MCwxMTAsInkiLDFd.jpg,0023881f80f19bc121bee63c677601bd.jpg
Scalp folliculitis images,https://dermnetnz.org/topics/scalp-folliculitis-images/?stage=Live,https://dermnetnz.org/assets/Uploads/3664__FocusFillWzE1MCwxMTAsIngiLDRd.jpg,4aa6f7c5c323acc760da5bbe6f0dff30.jpg
Scaly skin disease images,https://dermnetnz.org/image-catalogue/scaly-skin-disease-images/?stage=Live,https://dermnetnz.org/assets/Uploads/darier-post-s__FocusFillWzE1MCwxMTAsInkiLDFd.jpg,28fc1b034154643935e06b7771298a0a.jpg
Schamberg disease images,https://dermnetnz.org/topics/capillaritis-images/?stage=Live,https://dermnetnz.org/assets/Uploads/2509__FocusFillWzE1MCwxMTAsIngiLDdd.jpg,bee562800fd4652005998542f6f02089.jpg
Sebaceous hyperplasia images,https://dermnetnz.org/topics/sebaceous-hyperplasia-images/?stage=Live,https://dermnetnz.org/assets/Uploads/3773__FocusFillWzE1MCwxMTAsInkiLDIwXQ.jpg,deef12a2205182e8f4dcb4a770f5685c.jpg
Seborrhoeic keratosis dermoscopy images,https://dermnetnz.org/topics/seborrhoeic-keratosis-dermoscopy-images/?stage=Live,https://dermnetnz.org/assets/Uploads/sebk-dermoscopy31-s__FocusFillWzE1MCwxMTAsInkiLDFd.jpg,b98f6d60045aa062b278a081bbebed65.jpg
Seborrhoeic keratosis images,https://dermnetnz.org/topics/seborrhoeic-keratosis-images/?stage=Live,https://dermnetnz.org/assets/Uploads/sebks21-s__FocusFillWzE1MCwxMTAsInkiLDFd.jpg,fde025b6a7067c51f898e19a1093ce0a.jpg
Shiitake flagellate dermatitis images,https://dermnetnz.org/topics/shiitake-flagellate-dermatitis-images/?stage=Live,https://dermnetnz.org/assets/Uploads/shiitake-flagellate-erythema-3__FocusFillWzE1MCwxMTAsInkiLDFd.jpg,135f9f19693e14f7c2a0fc5c62a834f9.jpg
Skin pathology images,https://dermnetnz.org/image-catalogue/skin-pathology-images/?stage=Live,https://dermnetnz.org/assets/Uploads/igg4-related-3-sm__FocusFillWzE1MCwxMTAsInkiLDBd.jpg,f14defaf357ac51c2c15a4ac09ac5223.jpg
Skin signs of systemic disease images,https://dermnetnz.org/image-catalogue/skin-signs-of-systemic-disease-images/?stage=Live,https://dermnetnz.org/assets/Uploads/tuberous-sclerosis02-s__FocusFillWzE1MCwxMTAsInkiLDBd.jpg,b5736f2a92ed62169d25c7a780dc94e2.jpg
Skin tag images,https://dermnetnz.org/topics/skin-tag-images/?stage=Live,https://dermnetnz.org/assets/Uploads/skintag03-s__FocusFillWzE1MCwxMTAsInkiLDFd.jpg,2cf346fcc40966143da624dd05e74f5f.jpg
Solar keratosis affecting the face images,https://dermnetnz.org/topics/actinic-keratosis-face-images/?stage=Live,https://dermnetnz.org/assets/Uploads/248__FocusFillWzE1MCwxMTAsInkiLDFd.jpg,28e679d6f5ecc7c6b096357ea22e79c6.jpg
Solar keratosis affecting the hand images,https://dermnetnz.org/topics/actinic-keratosis-affecting-the-hand-images/?stage=Live,https://dermnetnz.org/assets/Uploads/393__FocusFillWzE1MCwxMTAsInkiLDFd.jpg,d8660bb726c9dd3c39251f1d6a0983ab.jpg
Solar keratosis affecting the legs and feet images,https://dermnetnz.org/topics/actinic-keratosis-leg-and-foot-images/?stage=Live,https://dermnetnz.org/assets/Uploads/478__FocusFillWzE1MCwxMTAsInkiLDFd.jpg,37320aabd5021b70f9c7069a6f7ff181.jpg
Solar keratosis affecting the scalp images,https://dermnetnz.org/topics/actinic-keratosis-scalp-images/?stage=Live,https://dermnetnz.org/assets/Uploads/418__FocusFillWzE1MCwxMTAsInkiLDFd.jpg,1f29878b3c4355bab6b01c91530a6dc6.jpg
Solar keratosis on the nose images,https://dermnetnz.org/topics/actinic-keratosis-on-the-nose-images/?stage=Live,https://dermnetnz.org/assets/Uploads/sks-nose3-s__FocusFillWzE1MCwxMTAsInkiLDFd.jpg,fed56008fec59650d6af17a12662bc44.jpg
Solar keratosis treated with imiquimod images,https://dermnetnz.org/topics/actinic-keratosis-imiquimod-images/?stage=Live,https://dermnetnz.org/assets/Uploads/3723__FocusFillWzE1MCwxMTAsInkiLDFd.jpg,490546a83e6e46e87b726d12bfdd6958.jpg
Solar lentigo images,https://dermnetnz.org/topics/solar-lentigo-images/?stage=Live,https://dermnetnz.org/assets/Uploads/solar-lentigo-11-s__FocusFillWzE1MCwxMTAsInkiLDBd.jpg,5fc64b9736bae771b246217c75c7ebe5.jpg
Spa pool folliculitis images,https://dermnetnz.org/topics/spa-pool-folliculitis-images/?stage=Live,https://dermnetnz.org/assets/Uploads/3796__FocusFillWzE1MCwxMTAsInkiLDFd.jpg,849274d8190df020113bb03e4094ad25.jpg
Spider naevus images,https://dermnetnz.org/topics/spider-telangiectasis-images/?stage=Live,https://dermnetnz.org/assets/Uploads/spider-ang5-s2__FocusFillWzE1MCwxMTAsInkiLDFd.jpg,6ccb78e96fe372009b3cf07a53d40daa.jpg
Spider telangiectasis images,https://dermnetnz.org/topics/spider-telangiectasis-images/?stage=Live,https://dermnetnz.org/assets/Uploads/spider-ang5-s__FocusFillWzE1MCwxMTAsInkiLDFd.jpg,e7c18221164722eee8506530eb66c060.jpg
Squamous cell carcinoma of limbs images,https://dermnetnz.org/topics/squamous-cell-carcinoma-of-limbs-images/?stage=Live,https://dermnetnz.org/assets/Uploads/3958__FocusFillWzE1MCwxMTAsInkiLDFd.jpg,2ea3db4e85f71ba220e69c8854edbfb7.jpg
Squamous cell carcinoma of the ear images,https://dermnetnz.org/topics/squamous-cell-carcinoma-of-the-ear-images/?stage=Live,https://dermnetnz.org/assets/Uploads/3936__FocusFillWzE1MCwxMTAsInkiLDFd.jpg,718eba54b522f24851f22edff8c0e867.jpg
Squamous cell carcinoma of the lip images,https://dermnetnz.org/topics/squamous-cell-carcinoma-of-the-lip-images/?stage=Live,https://dermnetnz.org/assets/Uploads/3930__FocusFillWzE1MCwxMTAsInkiLDIwXQ.jpg,eb003b75a3bc5645ef148a04133889e9.jpg
Squamous cell carcinoma on the face images,https://dermnetnz.org/topics/squamous-cell-carcinoma-on-the-face-images/?stage=Live,https://dermnetnz.org/assets/Uploads/3938__FocusFillWzE1MCwxMTAsInkiLDIwXQ.jpg,b4b1c087bfc476899c9a66abca48cca3.jpg
Staphylococcal scalded skin images,https://dermnetnz.org/images/staphylococcal-scalded-skin-syndrome-images/?stage=Live,https://dermnetnz.org/assets/Uploads/ssss-029__FocusFillWzE1MCwxMTAsInkiLDZd.JPG,275a77ea51c42231addb1950a36ad797.JPG
Steroid acne images,https://dermnetnz.org/topics/steroid-acne-images/?stage=Live,https://dermnetnz.org/assets/Uploads/steroid-acne-s__FocusFillWzE1MCwxMTAsInkiLDFd.jpg,ff646efbaefded92329181c9a9d77247.jpg
Subungual haemorrhage,https://dermnetnz.org/?stage=Live,https://dermnetnz.org/assets/Uploads/subungual-haematoma-5-v2__FocusFillWzE1MCwxMTAsInkiLDEyXQ.JPG,3efe76e3c9b0900a1b82398603e31ec3.JPG
Superficial spreading melanoma images,https://dermnetnz.org/images/superficial-spreading-melanoma-images/?stage=Live,https://dermnetnz.org/assets/Uploads/ssm42__FocusFillWzE1MCwxMTAsInkiLDFd.jpg,f851490912487e566c09033997048ab9.jpg
Supernumerary nipple images,https://dermnetnz.org/topics/supernumerary-nipple-images/?stage=Live,https://dermnetnz.org/assets/Uploads/supernumerary-nipple-03-s__FocusFillWzE1MCwxMTAsInkiLDFd.jpg,068e14d6926cc16d0b41a45a5e658279.jpg
Syphilis images,https://dermnetnz.org/topics/syphilis-images/?stage=Live,https://dermnetnz.org/assets/Uploads/syphilis-8__FocusFillWzE1MCwxMTAsInkiLDFd.JPG,220b10211d757be3100bb625e390a667.JPG
Systemic lupus erythematosus images,https://dermnetnz.org/topics/systemic-lupus-erythematosus-images/?stage=Live,https://dermnetnz.org/assets/Uploads/sle-07-s__FocusFillWzE1MCwxMTAsInkiLDFd.jpg,00e331b0d23b4acf7e56d78b3f9220c0.jpg
Tinea corporis images,https://dermnetnz.org/topics/tinea-corporis-images/?stage=Live,https://dermnetnz.org/assets/Uploads/tincorp9-s__FocusFillWzE1MCwxMTAsInkiLDFd.jpg,45e29f302e1188438e1af8bcd7a24fc6.jpg
Tinea pedis images,https://dermnetnz.org/topics/tinea-pedis-images/?stage=Live,https://dermnetnz.org/assets/Uploads/tinped13-s__FocusFillWzE1MCwxMTAsInkiLDFd.jpg,75810c4b1b870056b805d22880b2fa70.jpg
Transient acantholytic dermatosis,https://dermnetnz.org/topics/transient-acantholytic-dermatosis-images/?stage=Live,https://dermnetnz.org/assets/Uploads/scaly/grover4__FocusFillWzE1MCwxMTAsInkiLDFd.jpg,638d2e05dbaf5d2c7c341a8a1f5c20e8.jpg
Treatment images,https://dermnetnz.org/image-catalogue/treatment-images/?stage=Live,https://dermnetnz.org/assets/Uploads/adalimumab11-s__FocusFillWzE1MCwxMTAsInkiLDFd.jpg,2ae9f7e355fc4c23276df6901a473227.jpg
Trichotillomania images,https://dermnetnz.org/topics/trichotillomania-images/?stage=Live,https://dermnetnz.org/assets/Uploads/trichotillomania-6__FocusFillWzE1MCwxMTAsInkiLDFd.jpg,5cf44f08f0ddfa121f19b8b59ff307ba.jpg
Tuberous sclerosis images,https://dermnetnz.org/topics/tuberous-sclerosis-images/?stage=Live,https://dermnetnz.org/assets/Uploads/tuberous-sclerosis05-s__FocusFillWzE1MCwxMTAsInkiLDFd.jpg,29725c4f2cc6263138e1946315875724.jpg
Ungual squamous cell carcinoma in situ images,https://dermnetnz.org/topics/ungual-squamous-cell-carcinoma-in-situ-images/?stage=Live,https://dermnetnz.org/assets/Uploads/ungual-scc2-s__FocusFillWzE1MCwxMTAsInkiLDFd.jpg,5ef0ab8aba87bb8f952dd014e003eb16.jpg
Urticaria images,https://dermnetnz.org/topics/urticaria-images/?stage=Live,https://dermnetnz.org/assets/Uploads/urticaria7-s__FocusFillWzE1MCwxMTAsInkiLDFd.jpg,add7f94cfee10c5276abc0f1c7d34bce.jpg
Urticarial vasculitis images,https://dermnetnz.org/topics/urticarial-vasculitis-images/?stage=Live,https://dermnetnz.org/assets/Uploads/3802-big2__FocusFillWzE1MCwxMTAsInkiLDFd.jpg,0be92caf7d49b60365d8f899205ea179.jpg
Varicella images,https://dermnetnz.org/topics/varicella-images/?stage=Live,https://dermnetnz.org/assets/Uploads/hzv-close-s__FocusFillWzE1MCwxMTAsInkiLDFd.jpg,9edca0c7ec489321daa68ebc632b3a08.jpg
Vascular malformation images,https://dermnetnz.org/topics/vascular-malformation/?stage=Live,https://dermnetnz.org/assets/Uploads/vascular-malformation13-s__FocusFillWzE1MCwxMTAsInkiLDBd.jpg,a2639e0846627f0229109cd6f7c64ed9.jpg
Vasculitis images,https://dermnetnz.org/topics/vasculitis-images/?stage=Live,https://dermnetnz.org/assets/Uploads/2577__FocusFillWzE1MCwxMTAsInkiLDFd.jpg,72e4c31850c928a5130223fe1770821d.jpg
Venous lake images,https://dermnetnz.org/topics/venous-lake-images/?stage=Live,https://dermnetnz.org/assets/Uploads/ven-lake6-s__FocusFillWzE1MCwxMTAsInkiLDFd.jpg,b8d6193789f2e857ec9d514e83b94616.jpg
Viral skin infections images,https://dermnetnz.org/image-catalogue/viral-skin-infections/?stage=Live,https://dermnetnz.org/assets/Uploads/viral-wart-07-s__FocusFillWzE1MCwxMTAsInkiLDBd.jpg,7124af0a5f69ffe4ce77e16652126443.jpg
Viral warts images,https://dermnetnz.org/topics/viral-warts-images/?stage=Live,https://dermnetnz.org/assets/Uploads/viral-wart-23-s__FocusFillWzE1MCwxMTAsInkiLDFd.jpg,d0eff01cdcaf0f45ebe6be79475b4cc8.jpg
Vitiligo images,https://dermnetnz.org/images/vitiligo-images/?stage=Live,https://dermnetnz.org/assets/Uploads/vitiligo4-s__FocusFillWzE1MCwxMTAsInkiLDFd.jpg,43aaebd8bfad27d8cbbcbbbc67c8aa2a.jpg
Vulval cancer images,https://dermnetnz.org/images/vulval-cancer-images/?stage=Live,https://dermnetnz.org/assets/Uploads/ca-v1-s4__FocusFillWzE1MCwxMTAsIngiLDU2XQ.JPG,357539252ad2109d40c187baaaa68e90.JPG
Vulval erosive lichen planus images,https://dermnetnz.org/images/vulval-erosive-lichen-planus-images/?stage=Live,https://dermnetnz.org/assets/Uploads/2388-small2__FocusFillWzE1MCwxMTAsIngiLDM4XQ.jpg,3a7649a80c22ae254b978fd589647ebb.jpg
Vulval intraepithelial neoplasia images,https://dermnetnz.org/topics/vulval-intraepithelial-neoplasia-images/?stage=Live,https://dermnetnz.org/assets/Uploads/vin3-s__FocusFillWzE1MCwxMTAsInkiLDM0XQ.jpg,6427eee5d346ca7fb9d040f32eb89e2d.jpg
Vulval lichen planus images,https://dermnetnz.org/images/genital-lichen-planus-images/?stage=Live,https://dermnetnz.org/assets/Uploads/2381-s3__FocusFillWzE1MCwxMTAsInkiLDEwXQ.jpg,f2bddd8d4c3afeec2776f5fe63808be5.jpg
Vulval lichen sclerosus images,https://dermnetnz.org/topics/vulval-lichen-sclerosus-images/?stage=Live,https://dermnetnz.org/assets/Uploads/074__FocusFillWzE1MCwxMTAsIngiLDI2XQ.jpg,d3f25c38f0428386c4d9e2b47afbb1df.jpg
Vulval ulcer images,https://dermnetnz.org/topics/vulval-ulcer-images/?stage=Live,https://dermnetnz.org/assets/Uploads/vulval-ulcer2-small2__FocusFillWzE1MCwxMTAsInkiLDFd.jpg,3d01a85ed3121e5b2111e345583f7d89.jpg
Vulvovaginal candidiasis images,https://dermnetnz.org/topics/vulvovaginal-candidiasis-images/?stage=Live,https://dermnetnz.org/assets/Uploads/candida2-s__FocusFillWzE1MCwxMTAsInkiLDE2XQ.jpg,eaf9776759c52a07ded47a2703cc4605.jpg
Xanthelasma images,https://dermnetnz.org/topics/xanthelasma-images/?stage=Live,https://dermnetnz.org/assets/Uploads/xanthelasma29-s__FocusFillWzE1MCwxMTAsInkiLDFd.jpg,04fbda8e9ba927d02e99143e81a636c0.jpg
Xeroderma pigmentosum images,https://dermnetnz.org/topics/xeroderma-pigmentosum-images/?stage=Live,https://dermnetnz.org/assets/Uploads/xeroderma-pigmentosum-18__FocusFillWzE1MCwxMTAsInkiLDFd.jpg,505df71c9c0df8791e84cefe167717da.jpg
